[
  {
    "id": 1,
    "name": "Baikampady"
  },
  {
    "id": 2,
    "name": "Bajpe"
  },
  {
    "id": 3,
    "name": "Bannur"
  },
  {
    "id": 4,
    "name": "Bantwal"
  },
  {
    "id": 5,
    "name": "Bantwal Loretto Hills"
  },
  {
    "id": 6,
    "name": "Bantwal Town"
  },
  {
    "id": 7,
    "name": "B C Road City"
  },
  {
    "id": 8,
    "name": "Bellare Town"
  },
  {
    "id": 9,
    "name": "Belthangady"
  },
  {
    "id": 10,
    "name": "Birumale Hills Puttur"
  },
  {
    "id": 11,
    "name": "Central Mysore"
  },
  {
    "id": 12,
    "name": "Chamarajanagar"
  },
  {
    "id": 13,
    "name": "Chamarajanagar Silk City"
  },
  {
    "id": 14,
    "name": "Deralakatte"
  },
  {
    "id": 15,
    "name": "E-Club of Mysuru Center"
  },
  {
    "id": 16,
    "name": "Farangipete"
  },
  {
    "id": 17,
    "name": "Gonikoppal"
  },
  {
    "id": 18,
    "name": "H.D. Kote"
  },
  {
    "id": 19,
    "name": "Hemavathi Kodlipet"
  },
  {
    "id": 20,
    "name": "Heritage Mysuru"
  },
  {
    "id": 21,
    "name": "Hunsur"
  },
  {
    "id": 22,
    "name": "Ivory City Mysuru"
  },
  {
    "id": 23,
    "name": "Kadaba Town"
  },
  {
    "id": 24,
    "name": "Kinnigoli"
  },
  {
    "id": 25,
    "name": "Kollegal"
  },
  {
    "id": 26,
    "name": "Kollegal Mid Town"
  },
  {
    "id": 27,
    "name": "Krishnaraja"
  },
  {
    "id": 28,
    "name": "Krishnarajanagar"
  },
  {
    "id": 29,
    "name": "Kushalnagar"
  },
  {
    "id": 30,
    "name": "Madanthyar"
  },
  {
    "id": 31,
    "name": "Madikeri"
  },
  {
    "id": 32,
    "name": "Madikeri Woods"
  },
  {
    "id": 33,
    "name": "Malleshwara Alur Siddapura"
  },
  {
    "id": 34,
    "name": "Mangalore"
  },
  {
    "id": 35,
    "name": "Mangalore Central"
  },
  {
    "id": 36,
    "name": "Mangalore City"
  },
  {
    "id": 37,
    "name": "Mangalore Coastal"
  },
  {
    "id": 38,
    "name": "Mangalore Down Town"
  },
  {
    "id": 39,
    "name": "Mangalore East"
  },
  {
    "id": 40,
    "name": "Mangalore Hill-Side"
  },
  {
    "id": 41,
    "name": "Mangalore Metro"
  },
  {
    "id": 42,
    "name": "Mangalore Midtown"
  },
  {
    "id": 43,
    "name": "Mangalore North"
  },
  {
    "id": 44,
    "name": "Mangalore Port Town"
  },
  {
    "id": 45,
    "name": "Mangalore Seaside"
  },
  {
    "id": 46,
    "name": "Mangalore South"
  },
  {
    "id": 47,
    "name": "Mangalore Sunrise"
  },
  {
    "id": 48,
    "name": "Misty Hills Madikeri"
  },
  {
    "id": 49,
    "name": "Modankap"
  },
  {
    "id": 50,
    "name": "Moodabidri"
  },
  {
    "id": 51,
    "name": "Moodbidri Mid Town"
  },
  {
    "id": 52,
    "name": "Moodbidri Temple Town"
  },
  {
    "id": 53,
    "name": "Mulky"
  },
  {
    "id": 54,
    "name": "Mysore Main"
  },
  {
    "id": 55,
    "name": "Mysore Ambari"
  },
  {
    "id": 56,
    "name": "Mysore Brindavan"
  },
  {
    "id": 57,
    "name": "Mysore East"
  },
  {
    "id": 58,
    "name": "Mysore Elite"
  },
  {
    "id": 59,
    "name": "Mysore Jayaprakash Nagar"
  },
  {
    "id": 60,
    "name": "Mysore Metro"
  },
  {
    "id": 61,
    "name": "Mysore Mid-Town"
  },
  {
    "id": 62,
    "name": "Mysore North"
  },
  {
    "id": 63,
    "name": "Mysore Royal"
  },
  {
    "id": 64,
    "name": "Mysore Shreegandha"
  },
  {
    "id": 65,
    "name": "Mysore South East"
  },
  {
    "id": 66,
    "name": "Mysore Stars"
  },
  {
    "id": 67,
    "name": "Mysore West"
  },
  {
    "id": 68,
    "name": "Mysuru Diamond"
  },
  {
    "id": 69,
    "name": "Nanjangud"
  },
  {
    "id": 70,
    "name": "Panchsheel Mysore"
  },
  {
    "id": 71,
    "name": "Periyapatna Icons"
  },
  {
    "id": 72,
    "name": "Periyapatna Mid Town"
  },
  {
    "id": 73,
    "name": "Puttur"
  },
  {
    "id": 74,
    "name": "Puttur Central"
  },
  {
    "id": 75,
    "name": "Puttur City"
  },
  {
    "id": 76,
    "name": "Puttur-East"
  },
  {
    "id": 77,
    "name": "Puttur Elite"
  },
  {
    "id": 78,
    "name": "Puttur Swarna"
  },
  {
    "id": 79,
    "name": "Puttur Yuva"
  },
  {
    "id": 80,
    "name": "Seva Mysore"
  },
  {
    "id": 81,
    "name": "Shanivarsanthe"
  },
  {
    "id": 82,
    "name": "Siddakatte Phalguni"
  },
  {
    "id": 83,
    "name": "Somwarpet Hills"
  },
  {
    "id": 84,
    "name": "Subramanya"
  },
  {
    "id": 85,
    "name": "Sullia"
  },
  {
    "id": 86,
    "name": "Sullia City"
  },
  {
    "id": 87,
    "name": "Surathkal"
  },
  {
    "id": 88,
    "name": "Uppinangadi"
  },
  {
    "id": 89,
    "name": "Vijayanagar Mysore"
  },
  {
    "id": 90,
    "name": "Virajpet"
  },
  {
    "id": 91,
    "name": "Vittal"
  },
  {
    "id": 92,
    "name": "Yelanduru Greenway"
  }
]